osmid,x,y,ref,highway
0,-122.4131655693054,37.77495501866911,,
1,-122.41162061691284,37.77623129538641,,
3,-122.41217851638798,37.77665106264782,,
5,-122.41217851638800,37.77665106264782,,
6,-122.48217851638800,37.77665106264782,,
