osmid,x,y,ref,highway
0,-122.4131655693054,37.77495501866911,,
1,-122.41162061691284,37.77623129538641,,
2,-122.41372883319853,37.7754638359482,,
3,-122.41217851638798,37.77665106264782,,
4,-122.41217851638803,37.77665106264782,,
5,-122.41217851638800,37.77665106264782,,
