osmid,x,y,ref,highway
0,-122.4131655693054,37.77495501866911,,
1,-122.41162061691286,37.77623129538641,,
2,-122.41162061691292,37.77623129538641,,
3,-122.41217851638798,37.77665106264782,,
